0,1,2,3,4,5,6,7,8
204634.48,772684.16,864478.65,864478.65,864478.65,864478.65,864478.65,864478.65,864478.65
145171.09,610508.3,670708.3400000001,696601.2300000001,696601.2300000001,696601.2300000001,696601.2300000001,696601.2300000001,
157136.06,684393.28,767894.6900000001,767894.6900000001,767894.6900000001,767894.6900000001,767894.6900000001,,
170291.58,798046.12,832691.9,832691.9,832691.9,832691.9,,,
207459.27,764740.24,844930.84,844930.84,844930.84,,,,
197486.67,772713.9,963921.9,963921.9,,,,,
188960.96,710327.18,798848.4,,,,,,
176379.5,676930.52,,,,,,,
152900.53,,,,,,,,
